id,creation_time,property1,property2,property3,property4,property5,failed,time_of_death,assignment_id,event_type
1,2017-09-28 19:51:21.345372,,,,,,f,,3UJ1CZ6IZIIX1VR7SKNJU4VLIOZ5SF,AssignmentAccepted
2,2017-09-28 19:51:24.204424,,,,,,f,,3HVVDCPGTFLWIJE6SMX6F6P0FCGYTC,AssignmentAccepted
3,2017-09-28 19:51:25.03801,,,,,,f,,3P59JYT76MD6HYLZZ1QB62OV0XLT2Q,AssignmentAccepted
4,2017-09-28 19:51:25.869187,,,,,,f,,34PGFRQONP4YFBN11R1ES3HB62PWJ6,AssignmentAccepted
5,2017-09-28 19:51:29.174367,,,,,,f,,32RIADZISTXF5CN7EF49PCP7IS34S8,AssignmentAccepted
6,2017-09-28 19:51:32.88426,,,,,,f,,33FBRBDW6PS0HWLDTW4MRJ1UYBE8CQ,AssignmentAccepted
7,2017-09-28 19:51:33.746628,,,,,,f,,3ND9UOO81LV4A1B14CDR8IU3ARUWL8,AssignmentAccepted
8,2017-09-28 19:51:34.573673,,,,,,f,,3J4Q2Z4UTZWF1YREWHLNP4TXKXHQWR,AssignmentAccepted
9,2017-09-28 19:51:35.40077,,,,,,f,,3W92K5RLWVADTN8BMFSO5RFSHST5VK,AssignmentAccepted
10,2017-09-28 19:51:36.216524,,,,,,f,,3PS7W85Z80VHHI6YKA5QGPW963VT9I,AssignmentAccepted
11,2017-09-28 19:51:37.055515,,,,,,f,,3HRMW88U17JV8TS1BHLL100O9R60MD,AssignmentAccepted
12,2017-09-28 19:51:37.892805,,,,,,f,,388U7OUMF8UM595TGPH2NZUYFE4R0R,AssignmentAccepted
13,2017-09-28 19:51:51.596458,,,,,,f,,3NQL1CS15S1BVBIVXHXLGODLCXWYVS,AssignmentAccepted
14,2017-09-28 19:51:52.42607,,,,,,f,,3IHR8NYAM8UISK7FMY0FU7KWV8W4PS,AssignmentAccepted
15,2017-09-28 19:51:53.275242,,,,,,f,,3LPW2N6LKUVDG8JBHPIJ95D93LK5UV,AssignmentAccepted
16,2017-09-28 19:51:54.109625,,,,,,f,,3U8YCDAGXQ9MT8QT3AS2I9KTJS30Q0,AssignmentAccepted
17,2017-09-28 19:51:54.935738,,,,,,f,,388U7OUMF8UM595TGPH2NZUYFE50R1,AssignmentAccepted
18,2017-09-28 19:51:56.528243,,,,,,f,,3JRJSWSMQIETDXZLD6FLQQTM31Z3EM,AssignmentAccepted
19,2017-09-28 19:51:57.349938,,,,,,f,,3FTOP5WARGH57LMG8K8TL8875XB0J9,AssignmentAccepted
20,2017-09-28 19:51:58.19623,,,,,,f,,3OUYGIZWR8R1TWPE3XDDI4UJEWH0P9,AssignmentAccepted
21,2017-09-28 19:51:59.030974,,,,,,f,,31Z0PCVWUL8D3ZI55D762T53BD7T76,AssignmentAccepted
22,2017-09-28 19:51:59.85553,,,,,,f,,3YMTUJH0DT9GKC0M3F9ZZHLTKBH4TX,AssignmentAccepted
23,2017-09-28 19:52:00.711443,,,,,,f,,3XLBSAQ9Z559PBR4B5WOOH6KW9TZ7S,AssignmentAccepted
24,2017-09-28 19:52:01.547661,,,,,,f,,3S96KQ6I9NXTK8JFWQAS2LFZXOATDZ,AssignmentAccepted
25,2017-09-28 19:52:23.402931,,,,,,f,,3P59JYT76MD6HYLZZ1QB62OV0XLT2Q,AssignmentReturned
26,2017-09-28 19:52:24.227151,,,,,,f,,3P59JYT76MD6HYLZZ1QB62OV0XLT2Q,AssignmentAccepted
27,2017-09-28 19:53:09.743071,,,,,,f,,3S96KQ6I9NXTK8JFWQAS2LFZXOATDZ,AssignmentReturned
28,2017-09-28 19:53:39.631708,,,,,,f,,32SCWG5HIIXW77BT5MTUR54AR046PJ,AssignmentAccepted
29,2017-09-28 20:05:05.103981,,,,,,f,,3PS7W85Z80VHHI6YKA5QGPW963VT9I,AssignmentSubmitted
30,2017-09-28 20:05:35.454298,,,,,,f,,3IHR8NYAM8UISK7FMY0FU7KWV8W4PS,AssignmentSubmitted
31,2017-09-28 20:05:38.248532,,,,,,f,,3YMTUJH0DT9GKC0M3F9ZZHLTKBH4TX,AssignmentSubmitted
32,2017-09-28 20:05:41.11405,,,,,,f,,34PGFRQONP4YFBN11R1ES3HB62PWJ6,AssignmentSubmitted
33,2017-09-28 20:06:34.161816,,,,,,f,,3W92K5RLWVADTN8BMFSO5RFSHST5VK,AssignmentSubmitted
34,2017-09-28 20:06:36.819553,,,,,,f,,3ND9UOO81LV4A1B14CDR8IU3ARUWL8,AssignmentSubmitted
35,2017-09-28 20:08:34.56878,,,,,,f,,3P59JYT76MD6HYLZZ1QB62OV0XLT2Q,AssignmentReturned
36,2017-09-28 20:08:40.355213,,,,,,f,,32SCWG5HIIXW77BT5MTUR54AR046PJ,AssignmentReturned
37,2017-09-28 20:09:48.433606,,,,,,f,,3JRJSWSMQIETDXZLD6FLQQTM31Z3EM,AssignmentSubmitted
38,2017-09-28 20:09:51.547418,,,,,,f,,3XLBSAQ9Z559PBR4B5WOOH6KW9TZ7S,AssignmentSubmitted
39,2017-09-28 20:09:54.063682,,,,,,f,,3HVVDCPGTFLWIJE6SMX6F6P0FCGYTC,AssignmentSubmitted
40,2017-09-28 20:09:56.489357,,,,,,f,,388U7OUMF8UM595TGPH2NZUYFE4R0R,AssignmentSubmitted
41,2017-09-28 20:10:14.448136,,,,,,f,,32RIADZISTXF5CN7EF49PCP7IS34S8,AssignmentSubmitted
42,2017-09-28 20:10:45.194121,,,,,,f,,3LPW2N6LKUVDG8JBHPIJ95D93LK5UV,AssignmentReturned
43,2017-09-28 20:12:20.082754,,,,,,f,,3FTOP5WARGH57LMG8K8TL8875XB0J9,AssignmentReturned
44,2017-09-28 20:14:41.684604,,,,,,f,,3U8YCDAGXQ9MT8QT3AS2I9KTJS30Q0,AssignmentReturned
45,2017-09-28 20:19:48.910443,,,,,,f,,3OUYGIZWR8R1TWPE3XDDI4UJEWH0P9,AssignmentReturned
46,2017-09-28 20:32:31.863265,,,,,,f,,3J4Q2Z4UTZWF1YREWHLNP4TXKXHQWR,AssignmentReturned
47,2017-09-28 20:36:57.678031,,,,,,f,,388U7OUMF8UM595TGPH2NZUYFE50R1,AssignmentReturned
