id,creation_time,property1,property2,property3,property4,property5,failed,time_of_death,type,worker_id,assignment_id,unique_id,hit_id,mode,end_time,base_pay,bonus,status
16,2017-09-28 20:06:46.729491,,,,,,f,,participant,16,3HVVDCPGTFLWIJE6SMX6F6P0FCGYTC,16:3HVVDCPGTFLWIJE6SMX6F6P0FCGYTC,3D42WVSDH8OJCUYB70NFAIEFXZVYFG,live,2017-09-28 20:09:54.07031,2,0,approved
5,2017-09-28 19:52:00.743812,,,,,,f,,participant,5,3W92K5RLWVADTN8BMFSO5RFSHST5VK,5:3W92K5RLWVADTN8BMFSO5RFSHST5VK,3D42WVSDH8OJCUYB70NFAIEFXZVYFG,live,2017-09-28 20:06:34.168816,2,0.76,approved
8,2017-09-28 19:53:35.938669,,,,,,f,,participant,8,3ND9UOO81LV4A1B14CDR8IU3ARUWL8,8:3ND9UOO81LV4A1B14CDR8IU3ARUWL8,3D42WVSDH8OJCUYB70NFAIEFXZVYFG,live,2017-09-28 20:06:36.826815,2,2.26,approved
1,2017-09-28 19:51:35.075026,,,,,,f,,participant,1,3PS7W85Z80VHHI6YKA5QGPW963VT9I,1:3PS7W85Z80VHHI6YKA5QGPW963VT9I,3D42WVSDH8OJCUYB70NFAIEFXZVYFG,live,2017-09-28 20:05:05.119555,2,0.72,approved
15,2017-09-28 20:02:48.252058,,,,,,f,,participant,15,388U7OUMF8UM595TGPH2NZUYFE4R0R,15:388U7OUMF8UM595TGPH2NZUYFE4R0R,3D42WVSDH8OJCUYB70NFAIEFXZVYFG,live,2017-09-28 20:09:56.496541,2,0,approved
6,2017-09-28 19:52:42.535146,,,,,,f,,participant,6,3IHR8NYAM8UISK7FMY0FU7KWV8W4PS,6:3IHR8NYAM8UISK7FMY0FU7KWV8W4PS,3D42WVSDH8OJCUYB70NFAIEFXZVYFG,live,2017-09-28 20:05:35.461947,2,2.94,approved
3,2017-09-28 19:51:44.759474,,,,,,f,,participant,3,3YMTUJH0DT9GKC0M3F9ZZHLTKBH4TX,3:3YMTUJH0DT9GKC0M3F9ZZHLTKBH4TX,3D42WVSDH8OJCUYB70NFAIEFXZVYFG,live,2017-09-28 20:05:38.255217,2,3.54,approved
4,2017-09-28 19:51:47.575327,,,,,,f,,participant,4,34PGFRQONP4YFBN11R1ES3HB62PWJ6,4:34PGFRQONP4YFBN11R1ES3HB62PWJ6,3D42WVSDH8OJCUYB70NFAIEFXZVYFG,live,2017-09-28 20:05:41.121214,2,0.94,approved
13,2017-09-28 20:00:36.513243,,,,,,f,,participant,13,3P59JYT76MD6HYLZZ1QB62OV0XLT2Q,13:3P59JYT76MD6HYLZZ1QB62OV0XLT2Q,3D42WVSDH8OJCUYB70NFAIEFXZVYFG,live,2017-09-28 20:08:34.575672,,,returned
9,2017-09-28 19:55:36.751353,,,,,,f,,participant,9,32SCWG5HIIXW77BT5MTUR54AR046PJ,9:32SCWG5HIIXW77BT5MTUR54AR046PJ,3D42WVSDH8OJCUYB70NFAIEFXZVYFG,live,2017-09-28 20:08:40.36224,,,returned
10,2017-09-28 19:56:31.679335,,,,,,f,,participant,10,32RIADZISTXF5CN7EF49PCP7IS34S8,10:32RIADZISTXF5CN7EF49PCP7IS34S8,3D42WVSDH8OJCUYB70NFAIEFXZVYFG,live,2017-09-28 20:10:14.454791,2,0,approved
7,2017-09-28 19:53:12.811521,,,,,,f,,participant,7,3JRJSWSMQIETDXZLD6FLQQTM31Z3EM,7:3JRJSWSMQIETDXZLD6FLQQTM31Z3EM,3D42WVSDH8OJCUYB70NFAIEFXZVYFG,live,2017-09-28 20:09:48.440506,2,2.24,approved
12,2017-09-28 19:57:48.914396,,,,,,f,,participant,12,3LPW2N6LKUVDG8JBHPIJ95D93LK5UV,12:3LPW2N6LKUVDG8JBHPIJ95D93LK5UV,3D42WVSDH8OJCUYB70NFAIEFXZVYFG,live,2017-09-28 20:10:45.201266,,,returned
2,2017-09-28 19:51:36.986783,,,,,,f,,participant,2,3XLBSAQ9Z559PBR4B5WOOH6KW9TZ7S,2:3XLBSAQ9Z559PBR4B5WOOH6KW9TZ7S,3D42WVSDH8OJCUYB70NFAIEFXZVYFG,live,2017-09-28 20:09:51.554547,2,0,approved
11,2017-09-28 19:57:31.265073,,,,,,f,,participant,11,3FTOP5WARGH57LMG8K8TL8875XB0J9,11:3FTOP5WARGH57LMG8K8TL8875XB0J9,3D42WVSDH8OJCUYB70NFAIEFXZVYFG,live,2017-09-28 20:12:20.089688,,,returned
14,2017-09-28 20:02:19.666953,,,,,,f,,participant,14,3U8YCDAGXQ9MT8QT3AS2I9KTJS30Q0,14:3U8YCDAGXQ9MT8QT3AS2I9KTJS30Q0,3D42WVSDH8OJCUYB70NFAIEFXZVYFG,live,2017-09-28 20:14:41.691841,,,returned
18,2017-09-28 20:19:21.217633,,,,,,f,,participant,18,3OUYGIZWR8R1TWPE3XDDI4UJEWH0P9,18:3OUYGIZWR8R1TWPE3XDDI4UJEWH0P9,3D42WVSDH8OJCUYB70NFAIEFXZVYFG,live,2017-09-28 20:19:48.917531,,,returned
19,2017-09-28 20:28:20.259962,,,,,,f,,participant,19,3J4Q2Z4UTZWF1YREWHLNP4TXKXHQWR,19:3J4Q2Z4UTZWF1YREWHLNP4TXKXHQWR,3D42WVSDH8OJCUYB70NFAIEFXZVYFG,live,2017-09-28 20:32:31.870579,,,returned
17,2017-09-28 20:13:34.579413,,,,,,f,,participant,17,388U7OUMF8UM595TGPH2NZUYFE50R1,17:388U7OUMF8UM595TGPH2NZUYFE50R1,3D42WVSDH8OJCUYB70NFAIEFXZVYFG,live,2017-09-28 20:36:57.685094,,,returned
