id,creation_time,property1,property2,property3,property4,property5,failed,time_of_death,type,participant_id,number,question,response
1,2017-09-28 20:04:24.108014,,,,,,f,,question,1,1,questionnaire,"{""engagement"":""7"",""difficulty"":""7"",""DIFI_distance"":""35.801"",""DIFI_overlap"":""26.65065579208526"",""leach_1"":""4"",""leach_2"":""5"",""leach_3"":""5"",""leach_4"":""5"",""leach_5"":""4"",""leach_6"":""6"",""leach_7"":""5"",""leach_8"":""6"",""leach_9"":""5"",""leach_10"":""5"",""leach_11"":""5"",""leach_12"":""6"",""leach_13"":""5"",""leach_14"":""5"",""leach_15"":""5"",""leach_16"":""6"",""leach_17"":""6"",""leach_18"":""3"",""leach_19"":""5"",""leach_20"":""5""}"
2,2017-09-28 20:04:58.052406,,,,,,f,,question,3,1,questionnaire,"{""engagement"":""7"",""difficulty"":""3"",""DIFI_distance"":""4.555"",""DIFI_overlap"":""1.270142406860417"",""leach_1"":""1"",""leach_2"":""1"",""leach_3"":""1"",""leach_4"":""1"",""leach_5"":""3"",""leach_6"":""1"",""leach_7"":""1"",""leach_8"":""5"",""leach_9"":""1"",""leach_10"":""1"",""leach_11"":""1"",""leach_12"":""2"",""leach_13"":""2"",""leach_14"":""2"",""leach_15"":""1"",""leach_16"":""2"",""leach_17"":""1"",""leach_18"":""3"",""leach_19"":""1"",""leach_20"":""1""}"
3,2017-09-28 20:04:58.716016,,,,,,f,,question,4,1,questionnaire,"{""engagement"":""5"",""difficulty"":""5"",""DIFI_distance"":""-100"",""DIFI_overlap"":""0"",""leach_1"":""3"",""leach_2"":""3"",""leach_3"":""3"",""leach_4"":""3"",""leach_5"":""4"",""leach_6"":""3"",""leach_7"":""3"",""leach_8"":""3"",""leach_9"":""3"",""leach_10"":""3"",""leach_11"":""3"",""leach_12"":""3"",""leach_13"":""3"",""leach_14"":""3"",""leach_15"":""3"",""leach_16"":""3"",""leach_17"":""3"",""leach_18"":""3"",""leach_19"":""4"",""leach_20"":""3""}"
4,2017-09-28 20:05:04.735807,,,,,,f,,question,6,1,questionnaire,"{""engagement"":""7"",""difficulty"":""4"",""DIFI_distance"":""-12.137"",""DIFI_overlap"":""0"",""leach_1"":""1"",""leach_2"":""1"",""leach_3"":""1"",""leach_4"":""1"",""leach_5"":""1"",""leach_6"":""1"",""leach_7"":""1"",""leach_8"":""1"",""leach_9"":""0"",""leach_10"":""1"",""leach_11"":""1"",""leach_12"":""1"",""leach_13"":""0"",""leach_14"":""0"",""leach_15"":""1"",""leach_16"":""1"",""leach_17"":""1"",""leach_18"":""0"",""leach_19"":""1"",""leach_20"":""1""}"
5,2017-09-28 20:05:07.927596,,,,,,f,,question,5,1,questionnaire,"{""engagement"":""7"",""difficulty"":""6"",""DIFI_distance"":""56.339"",""DIFI_overlap"":""50.5334187732741"",""leach_1"":""5"",""leach_2"":""5"",""leach_3"":""5"",""leach_4"":""5"",""leach_5"":""6"",""leach_6"":""6"",""leach_7"":""6"",""leach_8"":""3"",""leach_9"":""3"",""leach_10"":""3"",""leach_11"":""3"",""leach_12"":""4"",""leach_13"":""4"",""leach_14"":""4"",""leach_15"":""4"",""leach_16"":""5"",""leach_17"":""5"",""leach_18"":""3"",""leach_19"":""4"",""leach_20"":""6""}"
6,2017-09-28 20:05:08.961131,,,,,,f,,question,8,1,questionnaire,"{""engagement"":""7"",""difficulty"":""5"",""DIFI_distance"":""69.734"",""DIFI_overlap"":""67.48355385986055"",""leach_1"":""5"",""leach_2"":""5"",""leach_3"":""5"",""leach_4"":""5"",""leach_5"":""4"",""leach_6"":""5"",""leach_7"":""5"",""leach_8"":""3"",""leach_9"":""4"",""leach_10"":""5"",""leach_11"":""4"",""leach_12"":""5"",""leach_13"":""5"",""leach_14"":""5"",""leach_15"":""4"",""leach_16"":""4"",""leach_17"":""5"",""leach_18"":""3"",""leach_19"":""5"",""leach_20"":""5""}"
7,2017-09-28 20:06:22.637903,,,,,,f,,question,7,1,questionnaire,"{""engagement"":""6"",""difficulty"":""2"",""DIFI_distance"":""50.982"",""DIFI_overlap"":""43.98243730861622"",""leach_1"":""1"",""leach_2"":""1"",""leach_3"":""0"",""leach_4"":""0"",""leach_5"":""0"",""leach_6"":""0"",""leach_7"":""0"",""leach_8"":""0"",""leach_9"":""0"",""leach_10"":""0"",""leach_11"":""0"",""leach_12"":""0"",""leach_13"":""0"",""leach_14"":""0"",""leach_15"":""0"",""leach_16"":""0"",""leach_17"":""0"",""leach_18"":""0"",""leach_19"":""0"",""leach_20"":""1""}"
8,2017-09-28 20:07:33.785615,,,,,,f,,question,2,1,questionnaire,"{""engagement"":""6"",""difficulty"":""6"",""DIFI_distance"":""-100"",""DIFI_overlap"":""0"",""leach_1"":""4"",""leach_2"":""3"",""leach_3"":""2"",""leach_4"":""4"",""leach_5"":""4"",""leach_6"":""4"",""leach_7"":""3"",""leach_8"":""4"",""leach_9"":""5"",""leach_10"":""4"",""leach_11"":""4"",""leach_12"":""3"",""leach_13"":""2"",""leach_14"":""4"",""leach_15"":""5"",""leach_16"":""3"",""leach_17"":""3"",""leach_18"":""4"",""leach_19"":""4"",""leach_20"":""3""}"
9,2017-09-28 20:07:49.331787,,,,,,f,,question,16,1,questionnaire,"{""engagement"":""1"",""difficulty"":""1"",""DIFI_distance"":""-83.838"",""DIFI_overlap"":""0"",""leach_1"":""0"",""leach_2"":""0"",""leach_3"":""0"",""leach_4"":""0"",""leach_5"":""0"",""leach_6"":""0"",""leach_7"":""0"",""leach_8"":""0"",""leach_9"":""1"",""leach_10"":""0"",""leach_11"":""0"",""leach_12"":""1"",""leach_13"":""0"",""leach_14"":""0"",""leach_15"":""0"",""leach_16"":""0"",""leach_17"":""0"",""leach_18"":""0"",""leach_19"":""0"",""leach_20"":""0""}"
10,2017-09-28 20:08:10.118047,,,,,,f,,question,15,1,questionnaire,"{""engagement"":""7"",""difficulty"":""7"",""DIFI_distance"":""50.091"",""DIFI_overlap"":""42.95377494402855"",""leach_1"":""6"",""leach_2"":""6"",""leach_3"":""6"",""leach_4"":""6"",""leach_5"":""6"",""leach_6"":""6"",""leach_7"":""6"",""leach_8"":""6"",""leach_9"":""6"",""leach_10"":""6"",""leach_11"":""6"",""leach_12"":""6"",""leach_13"":""6"",""leach_14"":""6"",""leach_15"":""6"",""leach_16"":""6"",""leach_17"":""6"",""leach_18"":""6"",""leach_19"":""6"",""leach_20"":""6""}"
11,2017-09-28 20:09:42.680074,,,,,,f,,question,10,1,questionnaire,"{""engagement"":""7"",""difficulty"":""7"",""DIFI_distance"":""-100"",""DIFI_overlap"":""0"",""leach_1"":""0"",""leach_2"":""0"",""leach_3"":""0"",""leach_4"":""0"",""leach_5"":""0"",""leach_6"":""0"",""leach_7"":""0"",""leach_8"":""0"",""leach_9"":""0"",""leach_10"":""0"",""leach_11"":""0"",""leach_12"":""0"",""leach_13"":""0"",""leach_14"":""0"",""leach_15"":""0"",""leach_16"":""0"",""leach_17"":""0"",""leach_18"":""0"",""leach_19"":""0"",""leach_20"":""0""}"
